step,train_loss,val_bpc,val_token_ppl,val_token_nll,lr
1000,6.320037364959717,1.9279427931836,724.5700909687712,6.585578500999595,0.0002981514205694257
2000,6.0553483963012695,1.7485378757856513,392.58646570821344,5.972756807759123,0.00028370770187572503
3000,5.607148170471191,1.6473482581335206,277.8572407176184,5.627107459194256,0.0002564001617440133
4000,5.234483242034912,1.580361819841276,221.0284240646991,5.398291308924837,0.0002191879958677041
5000,5.173533916473389,1.5291705333547903,185.5694400238318,5.223429151750961,0.00017610371982574119
6000,5.015361785888672,1.49435434826973,164.76200077136215,5.104502013044537,0.0001318161834486943
7000,4.712677478790283,1.4695442238761502,151.37408468412005,5.01975415517699,9.112462849494713e-05
8000,4.824075698852539,1.4535524354568228,143.32696364755174,4.965128479363783,5.843861633826816e-05
9000,4.54777193069458,1.4428674580088698,138.1900781583068,4.92863011540107,3.7300183571568305e-05
