step,train_loss,val_bpc,val_token_ppl,val_token_nll,lr
1000,6.634674072265625,1.9497157998146122,694.1427193058861,6.542677586779095,0.0002981514205694257
2000,5.791297435760498,1.7664592349050785,375.2986098315955,5.927722001981691,0.00028370770187572503
3000,5.326815128326416,1.6622031787161506,264.50736180955397,5.577869083839396,0.0002564001617440133
4000,4.975616931915283,1.5951463976419453,211.20856051673573,5.352846083760372,0.0002191879958677041
5000,5.303144454956055,1.5443223920306375,178.09115818265383,5.1822955438226765,0.00017610371982574119
6000,4.803840637207031,1.5085177627212207,157.92901348537757,5.06214565033157,0.0001318161834486943
7000,4.9057111740112305,1.4838067477174584,145.36134704193293,4.979222690981776,9.112462849494713e-05
8000,4.6076436042785645,1.4667494274759958,137.274599964528,4.921983299043247,5.843861633826816e-05
9000,4.517664909362793,1.4561515039287634,132.47841924234947,4.886419758518279,3.7300183571568305e-05
