step,train_loss,val_bpc,val_token_ppl,val_token_nll,lr
1000,5.617228031158447,1.9514984766544121,267.78727585999917,5.5901929185360295,0.0002981514205694257
2000,5.090619087219238,1.7638733189293376,156.44876638647324,5.052728585050076,0.00028370770187572503
3000,4.829168319702148,1.6575031317234157,115.35615487183689,4.748024341426318,0.0002564001617440133
4000,4.448471546173096,1.5857142520852137,93.91409465844025,4.542380477808699,0.0002191879958677041
5000,4.4891228675842285,1.5378054889861748,81.87082858937077,4.4051427441307265,0.00017610371982574119
6000,4.251585960388184,1.504197906783769,74.35654235646561,4.308871663069423,0.0001318161834486943
7000,4.0550689697265625,1.4790540820481526,69.18925387296875,4.236845559711698,9.112462849494713e-05
8000,4.083421230316162,1.463737784773203,66.21923905789137,4.192971040930929,5.843861633826816e-05
9000,3.9394147396087646,1.4524507403280413,64.11245020714621,4.160638576066947,3.7300183571568305e-05
