step,train_loss,val_bpc,val_token_ppl,val_token_nll,lr
1000,5.623014450073242,1.872033203820516,275.3742727281438,5.618131164095484,0.0002981514205694257
2000,5.235657691955566,1.6984366803842699,163.55563452480308,5.097153204780765,0.00028370770187572503
3000,4.83798885345459,1.6086234125106051,124.91280510520417,4.827615934736344,0.0002564001617440133
4000,4.714616298675537,1.5460077299684336,103.5133858087725,4.639700935828553,0.0002191879958677041
5000,4.61632776260376,1.5049501955367732,91.51325053712951,4.516483776410289,0.00017610371982574119
6000,4.454013347625732,1.4756878626816057,83.81944507296976,4.428665022014139,0.0001318161834486943
7000,4.236098289489746,1.4527827984517625,78.25126320440657,4.359924972477267,9.112462849494713e-05
8000,4.36147928237915,1.439252337871165,75.13743530317727,4.31931890731919,5.843861633826816e-05
9000,4.252002716064453,1.430319007633541,73.14978746914794,4.292509222050401,3.7300183571568305e-05
