tokenizer,vocab_size,n_train_tokens,n_test_tokens,n_test_chars,n_params,final_bpc,best_bpc,final_token_ppl,final_token_nll_nats,wall_time_s
bpe-64k,64000,20350025,2170903,10698186,58233856,1.4364469375079982,1.4364469375079982,135.19234336981722,4.906698530125168,1240.3083157539368
byte-bpe-64k,64000,20720799,2210177,10698186,58233856,1.449116850932878,1.449116850932878,129.38772474897607,4.862813514730685,1241.0684218406677
unigram-64k,64000,20733096,2212643,10698186,58233856,1.4367658871211588,1.4367658871211588,123.4440834044052,4.815788287582344,1241.634878873825
wordpiece-64k,64000,18710425,2020147,10698186,58233856,1.38445019337637,1.38445019337637,161.21155563559813,5.082717512587631,1236.3459362983704
morfessor-50k,29257,23993653,2588853,10698186,58421120,1.4460594194433518,1.4460594194433518,62.949336873970246,4.142330226264423,1418.5048356056213
turkish-tokenizer,32768,29297530,3142226,10698186,58192992,1.441814768412978,1.441814768412978,30.044013050538148,3.4026634082045173,1523.7790315151215
morpheus-50k,50000,22775632,2471085,10698186,58433760,1.4249760193960064,1.4249760193960064,71.98620180574582,4.276474459063596,1584.0665247440338
