step,train_loss,val_bpc,val_token_ppl,val_token_nll,lr
1000,4.786118507385254,1.969434557793526,104.35922096083323,4.647838995319558,0.0002981514205694257
2000,4.059309005737305,1.7525626347054313,62.55362455189439,4.13602418170722,0.00028370770187572503
3000,3.676786422729492,1.6486962296447998,48.95496855953625,3.890900866573906,0.0002564001617440133
4000,3.6165807247161865,1.578952659565286,41.52547032702041,3.726306981793323,0.0002191879958677041
5000,3.614227294921875,1.5336392085119461,37.31397227885222,3.619367848434063,0.00017610371982574119
6000,3.79270601272583,1.4997219687284493,34.44361433754803,3.539323619974928,0.0001318161834486943
7000,3.4698665142059326,1.4757113452182757,32.5461431726214,3.482658872313777,9.112462849494713e-05
8000,3.4703011512756348,1.4598082195995215,31.347286563462273,3.445127710333394,5.843861633826816e-05
9000,3.2622060775756836,1.4481523169857762,30.49674441315907,3.417619937364026,3.7300183571568305e-05
