step,train_loss,val_bpc,val_token_ppl,val_token_nll,lr
1000,6.403404235839844,1.9185530248927145,620.58005768485,6.430654617570887,0.0002981514205694257
2000,5.965179443359375,1.7401270061440848,341.2453667651282,5.832601769161952,0.00028370770187572503
3000,5.3404998779296875,1.6425247932324796,246.03066929161068,5.505456200078582,0.0002564001617440133
4000,5.068415641784668,1.5753040504214428,196.39815698918468,5.280144011910881,0.0002191879958677041
5000,5.103837013244629,1.5272776930995224,167.19621304424916,5.11916805113722,0.00017610371982574119
6000,5.019850730895996,1.4932814507297076,149.18969022041915,5.005218584982782,0.0001318161834486943
7000,4.557055473327637,1.4696892013980523,137.84660186189538,4.926141486182254,9.112462849494713e-05
8000,4.759800910949707,1.4539454794713722,130.76100665336864,4.873371280307324,5.843861633826816e-05
9000,4.828667163848877,1.4431852788109403,126.12897155590952,4.837304967223867,3.7300183571568305e-05
