step,train_loss,val_bpc,val_token_ppl,val_token_nll,lr
1000,6.868322372436523,1.8580766108967952,917.3941677313456,6.821537224753879,0.0002981514205694257
2000,6.310530662536621,1.6852769031128843,486.45259947699316,6.187139465177316,0.00028370770187572503
3000,5.501015663146973,1.587267626784948,339.44741119280224,5.827319034242811,0.0002564001617440133
4000,5.433554649353027,1.5217950190494964,266.92030597572176,5.5869501343547014,0.0002191879958677041
5000,5.124101638793945,1.4767594329154654,226.24341067913258,5.421611458085789,0.00017610371982574119
6000,5.17243766784668,1.4417746827462428,198.9736314672949,5.293172310755431,0.0001318161834486943
7000,5.037907600402832,1.417866994849699,182.25380822349734,5.205400266272638,9.112462849494713e-05
8000,4.909799575805664,1.3998279430664766,170.57476144437624,5.1391736841624835,5.843861633826816e-05
9000,4.933324813842773,1.3906262416961006,164.90863185249037,5.105391574177905,3.7300183571568305e-05
